{
  "costra": 0.01,
  "bula_ampolla": 0.01,
  "pustula": 0.3199999999999986,
  "tumor": 0.01,
  "vesicula": 0.01,
  "patron_zosteriforme": 0.3199999999999994,
  "erosion": 0.01,
  "comedon": 1,
  "hipopigmentacion": 1,
  "cupuliforme": 0.01,
  "purpura": 1,
  "umbilicacion": 0.01,
  "surco": 1,
  "nodulo": 0.01,
  "cicatriz": 0.01,
  "patron_anular": 0.060000000000000005,
  "escama": 0.01,
  "habon": 0.703,
  "quiste": 0.593,
  "color_violaceo": 0.01,
  "liquenificacion": 0.04,
  "ulcera": 0.01,
  "papula": 0.38699999999999696,
  "placa": 0.01,
  "mancha": 0.01,
  "fisura": 0.21699999999999997,
  "hiperpigmentacion": 0.01,
  "excoriacion": 0.01,
  "eritema": 0.01,
  "macula": 1,
  "color_azul": 1,
  "patron_lineal": 1,
  "atrofia": 0.6560000000000001,
  "necrosis": 1
}